소분류,Info
126-82-01059,"본 정보는 각 제공처로부터 받는 참고용 정보입니다. 네이버(주)는 사용자 편의를 돕기 위해 관련 정보를 수집하고, 분석하여 가장 적합한 정보를 추천하기 위해 노력하지만, 이러한 정보의 정확성이나 적절성, 신뢰성을 보증하지는 않으며, 따라서 서비스 이용 결과에 대해서 어떠한 법적 책임을 부담하지는 않습니다."
126-82-01059,재적학생수
126-82-01059,정보를가져오는 중입니다.
126-82-01059,미지원환경입니다.
126-82-01059,일시적인 오류가발생했습니다.잠시 후 다시 이용해주세요.
126-82-01059,전공분야별 등록금
126-82-01059,교원강의 담당 비율
126-82-01059,정보를가져오는 중입니다.
126-82-01059,미지원환경입니다.
126-82-01059,일시적인 오류가발생했습니다.잠시 후 다시 이용해주세요.
126-82-01059,입학경쟁률
126-82-01059,수시 선발결과
126-82-01059,정시 선발결과
126-82-01059,"지식파트너, 분야별지식인 답변입니다."
126-82-01059,사용자 선호도 및 인증 여부 등 다양한 요소들을 고려하여 연관 채널의 최근 게시물을 노출합니다.
126-82-01059,잠시 후 다시 시도해주십시오.
126-82-01059,옵션을 재선택 하시거나 초기화 해보시기 바랍니다.
126-82-01059,실제 사용자들의 질문과 CLOVA AI 기술을 활용하여 생성된 내용이 포함되어 있습니다.
126-82-01059,"서치피드는 검색 결과 하단에서 사용자의 관심사와 관련된 새로운 콘텐츠를 탐색하고 발견할 수 있는 피드 영역으로서, 입력된 검색어와 일치하지 않는 콘텐츠가 노출될 수 있습니다."
126-82-01059,네이버 Cue: 사전 신청하기
126-82-01059,문서 요약도 CLOVA X
126-82-01059,지금 바로 시작하기
126-82-01059,국내 여행지 모아보기
126-82-01059,정보를 가져오는 중입니다.
126-82-01059,잠시 후 다시 시도해주십시오.
